Workbook

Sheet Summary
A1: 指标 | B1: 值
A2: 总题数 | B2: =COUNTA('QA Review'!A:A)-1 -> 100
A3: 自动正确数 | B3: =COUNTIF('QA Review'!I:I,"正确") -> 97
A4: 自动部分正确数 | B4: =COUNTIF('QA Review'!I:I,"部分正确") -> 0
A5: 自动错误数 | B5: =COUNTIF('QA Review'!I:I,"错误") -> 1
A6: 自动请求失败数 | B6: =COUNTIF('QA Review'!I:I,"请求失败") -> 1
A7: 自动加权准确率 | B7: =SUM('QA Review'!J:J)/B2 -> 1.96
A9: 人工正确数 | B9: =COUNTIF('QA Review'!N:N,"正确") -> 0
A10: 人工部分正确数 | B10: =COUNTIF('QA Review'!N:N,"部分正确") -> 0
A11: 人工错误数 | B11: =COUNTIF('QA Review'!N:N,"错误") -> 0
A12: 人工严格准确率 | B12: =B9/B2 -> 0
A13: 人工加权准确率 | B13: =SUM('QA Review'!O:O)/B2 -> 0
A14: 知识库命中率 | B14: =COUNTIF('QA Review'!H:H,"是")/B2 -> 0
A16: 人工复核建议：先筛选自动判定=错误/请求失败，再逐条补充人工复核结果、人工判定说明和知识库命中情况。

Sheet QA Review
A1: 用例ID | B1: 问题 | C1: 问题类型 | D1: 标准答案_关键点 | E1: 关联知识文件 | F1: memoryId | G1: 系统回答 | H1: 是否命中知识库 | I1: 自动判定 | J1: 自动得分 | K1: 命中关键点数 | L1: 关键点总数 | M1: 命中关键词 | N1: 人工复核结果 | O1: 人工复核得分 | P1: 人工判定说明 | Q1: 备注
A2: QA-001 | B2: 头痛应该挂什么科？ | C2: 科室推荐 | D2: 神经内科；结合症状判断 | E2: 科室信息.md | F2: 900001 | G2: 头痛通常建议首先挂 **神经内科**。 如果伴有以下情况，也可考虑相应科室： - 头部外伤史 → **神经外科** - 视力问题或眼痛 → **眼科** - 鼻塞、流脓涕、面部胀痛 → **耳鼻喉科** - 血压明显升高 → **心内科** 初次不明原因的头痛，首选神经内科就诊，医生会根据情况决定是否需要做进一步检查（如头颅CT、MRI等）。 需要我帮您预约神经内科的号吗？😊 | I2: 正确 | J2: 1 | K2: 1 | L2: 2 | M2: 神经内科 | O2: =IF(N2="正确",1,IF(N2="部分正确",0.5,IF(N2="错误",0,"")))
A3: QA-002 | B3: 头晕一般建议看什么科？ | C3: 科室推荐 | D3: 神经内科；必要时进一步分诊 | E3: 科室信息.md | F3: 900002 | G3: 头晕通常建议根据具体症状选择科室： - **神经内科**：适合伴有头痛、肢体无力、言语不清等情况，排查脑供血不足、脑卒中等。 - **耳鼻喉科**：如果头晕像“天旋地转”，伴随耳鸣、恶心、听力变化，可能是内耳问题（如耳石症、梅尼埃病）。 - **心内科**：若与心慌、胸闷、血压异常相关，需考虑心血管原因。 - **老年医学科或全科**：老年人不明原因反复头晕，可先看全科进行综合评估。 ⚠️ 如果头晕严重、突发或持续不缓解，建议尽早就医检查。 需要我帮您预约挂号吗？😊 | I3: 正确 | J3: 1 | K3: 1 | L3: 2 | M3: 神经内科 | O3: =IF(N3="正确",1,IF(N3="部分正确",0.5,IF(N3="错误",0,"")))
A4: QA-003 | B4: 发烧应该挂什么科？ | C4: 科室推荐 | D4: 内科或发热门诊；视医院设置而定 | E4: 科室信息.md | F4: 900003 | G4: 发烧一般建议挂 **发热门诊** 或 **感染内科**。 - 如果伴有咳嗽、喉咙痛、流鼻涕等呼吸道症状，可挂 **呼吸内科**； - 如果是儿童发烧，请挂 **儿科**； - 若发烧持续不退、原因不明，或伴有皮疹、关节痛等其他症状，也可考虑 **内科综合门诊** 或由医生进一步分诊。 ⚠️ 温馨提示：如果体温超过38.5℃、精神状态差、出现抽搐、呼吸急促等情况，建议尽快就医。 需要我帮您查询号源或预约挂号吗？请告诉我就诊人姓名、身份证号、希望就诊的日期和时间段（上午/下午）即可。😊 | I4: 正确 | J4: 1 | K4: 0 | L4: 2 | O4: =IF(N4="正确",1,IF(N4="部分正确",0.5,IF(N4="错误",0,"")))
A5: QA-004 | B5: 咳嗽咳痰应该挂什么科？ | C5: 科室推荐 | D5: 呼吸内科 | E5: 科室信息.md | F5: 900004 | G5: 您好！咳嗽咳痰通常建议首先挂 **呼吸内科**。 如果伴有以下情况，也可考虑其他科室： - 发热、咽痛明显 → 可考虑 **感染内科** - 咳血、长期吸烟史、体重下降 → 建议尽快至 **呼吸内科** 或 **胸外科** 排查 - 儿童患者 → 可挂 **儿科呼吸专科** 如症状持续超过2周、加重或伴有呼吸困难，请及时线下就诊。需要我帮您查询呼吸内科的号源或预约挂号吗？😊 | I5: 正确 | J5: 1 | K5: 1 | L5: 1 | M5: 呼吸内科 | O5: =IF(N5="正确",1,IF(N5="部分正确",0.5,IF(N5="错误",0,"")))
A6: QA-005 | B6: 肚子疼一般挂什么科？ | C6: 科室推荐 | D6: 消化内科；急性剧痛需急诊 | E6: 科室信息.md | F6: 900005 | G6: 肚子疼通常建议先挂**消化内科**。如果疼痛剧烈、突发或伴有以下情况，也可能需要考虑其他科室： - 女性下腹痛明显 ➜ **妇科** - 伴有发热、黄疸、呕吐 ➜ **肝胆外科** 或 **普外科** - 儿童腹痛 ➜ **儿科** - 怀疑阑尾炎、肠梗阻等急症 ➜ **急诊科** 如果您不确定具体原因，可以先到**消化内科**就诊，医生会根据症状判断是否需要转诊或进一步检查。必要时请尽快线下就医，以免延误病情。🩺 | I6: 正确 | J6: 1 | K6: 1 | L6: 2 | M6: 消化内科 | O6: =IF(N6="正确",1,IF(N6="部分正确",0.5,IF(N6="错误",0,"")))
A7: QA-006 | B7: 胸闷胸痛应该先看哪个科？ | C7: 科室推荐 | D7: 心内科；严重情况建议急诊 | E7: 科室信息.md | F7: 900006 | G7: 您好！胸闷、胸痛可能是多种原因引起的，常见原因包括心脏、肺部、消化系统或肌肉骨骼等问题。为了明确病因，建议您**首先就诊心内科**，排查是否存在心脏相关疾病（如心绞痛、心肌缺血等），这是最需要优先排除的严重情况。 如果心内科检查后未发现明显异常，医生可能会根据您的具体症状，建议您进一步就诊： - **呼吸内科**（如伴有咳嗽、气短） - **消化内科**（如伴有反酸、烧心） - **胸外科** 或 **骨科**（如疼痛与体位、按压有关） ⚠️ 如果胸痛剧烈、持续不缓解、伴随大汗、呼吸困难等症状，请**立即前往急诊科就诊**！ 需要我帮您预约心内科的号吗？ | I7: 正确 | J7: 1 | K7: 1 | L7: 2 | M7: 心内科 | O7: =IF(N7="正确",1,IF(N7="部分正确",0.5,IF(N7="错误",0,"")))
A8: QA-007 | B8: 皮肤过敏应该挂什么科？ | C8: 科室推荐 | D8: 皮肤科 | E8: 科室信息.md | F8: 900007 | G8: 皮肤过敏建议挂 **皮肤科**。 如果您出现红斑、瘙痒、皮疹、肿胀等皮肤症状，皮肤科医生可以帮您明确过敏原并给予针对性治疗。若症状严重（如呼吸困难、面部明显肿胀等），请立即前往急诊科就诊。 需要我帮您预约皮肤科的号源吗？😊 | I8: 正确 | J8: 1 | K8: 1 | L8: 1 | M8: 皮肤科 | O8: =IF(N8="正确",1,IF(N8="部分正确",0.5,IF(N8="错误",0,"")))
A9: QA-008 | B9: 牙疼应该挂什么科？ | C9: 科室推荐 | D9: 口腔科 | E9: 科室信息.md | F9: 900008 | G9: 牙疼建议您挂 **口腔科**。 如果您疼痛剧烈、伴有肿胀、发烧，或者张口困难等情况，建议尽快就诊。北京协和医院口腔科可以处理牙痛、牙龈炎、牙周病、智齿发炎等多种口腔问题。 需要我帮您查询近期是否有号源或预约挂号吗？🦷 | I9: 正确 | J9: 1 | K9: 1 | L9: 1 | M9: 口腔科 | O9: =IF(N9="正确",1,IF(N9="部分正确",0.5,IF(N9="错误",0,"")))
A10: QA-009 | B10: 眼睛不舒服应该挂什么科？ | C10: 科室推荐 | D10: 眼科 | E10: 科室信息.md | F10: 900009 | G10: 眼睛不舒服建议挂 **眼科** 👁️。 常见的眼部不适，比如： - 眼干、眼涩、异物感 - 视力模糊、视物重影 - 眼红、流泪、分泌物增多 - 眼痛、畏光、闪光感等 都属于眼科的诊疗范围。如果症状持续或加重，建议尽早就医检查，以免延误治疗。 需要我帮您预约眼科的号源吗？ | I10: 正确 | J10: 1 | K10: 1 | L10: 1 | M10: 眼科 | O10: =IF(N10="正确",1,IF(N10="部分正确",0.5,IF(N10="错误",0,"")))
A11: QA-010 | B11: 耳鸣应该挂什么科？ | C11: 科室推荐 | D11: 耳鼻喉科 | E11: 科室信息.md | F11: 900010 | G11: 耳鸣通常建议挂 **耳鼻喉科（也称五官科）**。 耳鼻喉科医生可以对耳鸣的原因进行初步评估，比如是否与听力下降、耳部感染、耳垢堵塞、噪音暴露或内耳问题等相关。 如果耳鸣伴随以下情况，也建议及时就诊： - 单侧耳鸣 - 突然发生的严重耳鸣 - 伴有头晕、听力骤降或头痛 - 耳鸣持续时间较长（超过一周）且影响生活 需要我帮您查询北京协和医院耳鼻喉科的号源或预约挂号吗？👂 | I11: 正确 | J11: 1 | K11: 1 | L11: 1 | M11: 耳鼻喉科 | O11: =IF(N11="正确",1,IF(N11="部分正确",0.5,IF(N11="错误",0,"")))
A12: QA-011 | B12: 孩子发烧应该挂什么科？ | C12: 科室推荐 | D12: 儿科；严重情况急诊 | E12: 科室信息.md | F12: 900011 | G12: 您好！孩子发烧通常建议挂 **儿科**。如果体温持续高热（如超过39℃）、伴有皮疹、抽搐、精神差、呼吸急促或其他明显不适，建议尽快就诊。 在北京协和医院，您可以预约 **儿科普通号** 或 **儿科发热门诊**（如有开设）。是否需要我帮您查询近期的号源情况或协助预约？😊 | I12: 正确 | J12: 1 | K12: 1 | L12: 2 | M12: 儿科 | O12: =IF(N12="正确",1,IF(N12="部分正确",0.5,IF(N12="错误",0,"")))
A13: QA-012 | B13: 老人头晕头痛应该看什么科？ | C13: 科室推荐 | D13: 神经内科；结合基础病判断 | E13: 科室信息.md | F13: 900012 | G13: 老人出现头晕头痛，建议首先就诊 **神经内科**。这类症状可能与脑供血不足、高血压、脑血管疾病、颈椎病或其他神经系统问题有关。 如果协和医院神经内科号源紧张，也可以先到 **老年医学科** 或 **全科医学科（普通内科）** 初步评估，医生会根据情况决定是否需要转诊或进一步检查（如头颅CT、MRI、颈动脉超声等）。 ⚠️ 如果头晕头痛突然加重，伴有以下任一情况，请立即前往急诊： - 意识模糊、言语不清 - 一侧肢体无力或麻木 - 视力突然下降 - 剧烈呕吐或行走不稳 需要我帮您查询神经内科近期的号源或预约挂号吗？ | I13: 正确 | J13: 1 | K13: 1 | L13: 2 | M13: 神经内科 | O13: =IF(N13="正确",1,IF(N13="部分正确",0.5,IF(N13="错误",0,"")))
A14: QA-013 | B14: 胃不舒服挂什么科？ | C14: 科室推荐 | D14: 消化内科 | E14: 科室信息.md | F14: 900013 | G14: 您好！胃不舒服通常建议挂 **消化内科**。 常见的胃部不适症状（如胃痛、反酸、腹胀、恶心等）大多属于消化系统问题，消化内科医生会根据您的具体情况进行问诊，必要时安排胃镜、幽门螺杆菌检测或其他检查。 如果您还不确定具体科室，也可以先到医院的“分诊台”或通过协和医院官方App/小程序进行智能分诊。 需要我帮您预约消化内科的号吗？😊 | I14: 正确 | J14: 1 | K14: 1 | L14: 1 | M14: 消化内科 | O14: =IF(N14="正确",1,IF(N14="部分正确",0.5,IF(N14="错误",0,"")))
A15: QA-014 | B15: 失眠应该挂什么科？ | C15: 科室推荐 | D15: 神经内科或心理相关门诊 | E15: 科室信息.md | F15: 900014 | G15: 您好！失眠通常建议挂 **神经内科** 或 **心理科（精神科）**，具体可根据您的情况选择： - 如果失眠伴随焦虑、情绪低落、压力大等心理因素，建议挂 **心理科/精神科**； - 如果失眠伴随头痛、头晕、肢体麻木或其他神经系统症状，建议挂 **神经内科**； - 对于长期顽固性失眠，也可以考虑 **睡眠专科门诊**（部分医院设有专门的睡眠障碍门诊）。 在北京协和医院，您可以先选择 **神经内科** 或 **心理医学科** 进行初诊，医生会根据情况决定是否需要进一步检查或转诊。 如需帮您预约挂号，请告诉我： - 您希望就诊的科室（神经内科 / 心理科） - 就诊日期和时间段（上午 / 下午） - 是否有指定医生 我可以帮您查询号源并预约 😊 | I15: 正确 | J15: 1 | K15: 0 | L15: 1 | O15: =IF(N15="正确",1,IF(N15="部分正确",0.5,IF(N15="错误",0,"")))
A16: QA-015 | B16: 腰腿疼应该挂什么科？ | C16: 科室推荐 | D16: 骨科；必要时康复科 | E16: 科室信息.md | F16: 900015 | G16: 您好！腰腿疼通常建议首先挂 **骨科** 或 **脊柱外科**。如果医院分科较细，也可以考虑以下科室： - **骨科/脊柱外科**：排查腰椎间盘突出、椎管狭窄、脊柱退行性病变等问题； - **康复医学科**：适合慢性疼痛或术后康复； - **疼痛科**：若以疼痛为主要症状且原因不明确； - **神经内科**：如伴随下肢麻木、无力等神经症状。 在协和医院，多数腰腿痛患者首诊会选择 **骨科**。如果您方便提供更详细的症状（比如疼痛位置、是否放射至腿部、有无外伤史等），我可以帮您更精准地推荐。 需要我帮您查询相关科室的号源或预约挂号吗？ | I16: 正确 | J16: 1 | K16: 1 | L16: 2 | M16: 骨科 | O16: =IF(N16="正确",1,IF(N16="部分正确",0.5,IF(N16="错误",0,"")))
A17: QA-016 | B17: 医院地址在哪里？ | C17: 医院信息 | D17: 医院地址；交通方式 | E17: 医院信息.md | F17: 900016 | G17: 您好！我是“硅谷小智”，北京协和医院的智能客服，很高兴为您服务！😊 北京协和医院有两个院区，地址如下： - **东单院区**：北京市东城区帅府园一号（邮编：100730） - **西单院区**：北京市西城区大木仓胡同41号（邮编：100032） 🏥 **门诊开放时间**：工作日 8:00 – 17:30 🚑 **急诊**：24小时开放 📞 **服务热线**： - 东单院区：010-69151188 - 西单院区：010-69158100 如需预约挂号、查询科室或医生信息，也可以告诉我，我会尽力协助您！ | I17: 正确 | J17: 1 | K17: 0 | L17: 2 | O17: =IF(N17="正确",1,IF(N17="部分正确",0.5,IF(N17="错误",0,"")))
A18: QA-017 | B18: 医院门诊几点开始？ | C18: 医院信息 | D18: 门诊开始时间；上午时段 | E18: 医院信息.md | F18: 900017 | G18: 北京协和医院门诊通常在**上午8:00**开始，下午门诊一般从**13:30**开始（部分科室可能略有不同）。建议您提前通过医院官方渠道预约挂号，并在就诊当天提早到达，以便完成签到和候诊。 如需了解具体科室的出诊时间或医生排班，也可以告诉我，我会尽力帮您查询 😊 | I18: 正确 | J18: 1 | K18: 0 | L18: 2 | O18: =IF(N18="正确",1,IF(N18="部分正确",0.5,IF(N18="错误",0,"")))
A19: QA-018 | B19: 医院下午门诊到几点结束？ | C19: 医院信息 | D19: 下午门诊结束时间 | E19: 医院信息.md | F19: 900018 | G19: 北京协和医院下午门诊一般到 **17:00** 结束。不过具体科室可能略有不同，建议您提前预约并确认所就诊科室的出诊时间，以免耽误就诊。 如有其他问题，比如挂号、科室推荐等，也欢迎随时告诉我！😊 | I19: 正确 | J19: 1 | K19: 0 | L19: 1 | O19: =IF(N19="正确",1,IF(N19="部分正确",0.5,IF(N19="错误",0,"")))
A20: QA-019 | B20: 医院周末有门诊吗？ | C20: 医院信息 | D20: 是否开诊；周末安排 | E20: 医院信息.md | F20: 900019 | G20: 您好！我是“硅谷小智”，北京协和医院的智能客服，很高兴为您服务 😊 北京协和医院**周末是有门诊的**，但并非所有科室都开放。一般来说： - **周六上午**：多数科室（如内科、外科、妇产科、儿科等）会安排部分专家或普通门诊； - **周六下午及周日**：门诊科室较少，通常只开放急诊或个别重点专科。 建议您提前通过医院官网、官方App或电话查询具体科室的出诊安排，以免跑空。 如果您有想挂的具体科室或医生，也可以告诉我，我可以帮您查询是否有号源或协助预约～ | I20: 正确 | J20: 1 | K20: 0 | L20: 2 | O20: =IF(N20="正确",1,IF(N20="部分正确",0.5,IF(N20="错误",0,"")))
A21: QA-020 | B21: 医院节假日可以挂号吗？ | C21: 医院信息 | D21: 节假日门诊安排 | E21: 医院信息.md | F21: 900020 | G21: 您好！北京协和医院在节假日通常也会开放部分门诊，但具体是否可以挂号、哪些科室开诊，会根据国家法定节假日安排和医院实际排班有所调整。 建议您： - 在节假日期间如需就诊，可提前通过医院官网、“北京协和医院”App 或微信公众号查询当日出诊信息； - 部分科室（如急诊）全年无休，普通门诊和专科门诊可能轮休； - 节假日号源一般会提前放出，热门科室建议尽早预约。 如果您有具体想挂的科室或日期，我可以帮您查询是否有号源 😊 | I21: 正确 | J21: 1 | K21: 0 | L21: 1 | O21: =IF(N21="正确",1,IF(N21="部分正确",0.5,IF(N21="错误",0,"")))
A22: QA-021 | B22: 医院的联系电话是多少？ | C22: 医院信息 | D22: 联系电话 | E22: 医院信息.md | F22: 900021 | G22: 您好！北京协和医院的服务热线如下： - **东单院区**：010-69151188 地址：北京市东城区帅府园一号（邮编：100730） - **西单院区**：010-69158100 地址：北京市西城区大木仓胡同41号（邮编：100032） 📞 门诊时间：工作日 8:00–17:30 🚑 急诊：24小时开放 如有其他就诊或挂号相关问题，我也很乐意为您协助！😊 | I22: 正确 | J22: 1 | K22: 0 | L22: 1 | O22: =IF(N22="正确",1,IF(N22="部分正确",0.5,IF(N22="错误",0,"")))
A23: QA-022 | B23: 医院支持线上预约吗？ | C23: 医院信息 | D23: 是否支持；预约方式 | E23: 医院信息.md | F23: 900022 | G23: 您好！我是“硅谷小智”，北京协和医院的智能客服，很高兴为您服务！😊 是的，北京协和医院支持线上预约挂号。您可以通过我院官方渠道（如官网、官方App或微信公众号）进行预约，也可以在这里告诉我您的就诊需求，我会协助您完成预约流程。 如果您已有明确的科室、就诊日期和时间，也可以直接告诉我，我来帮您查询号源并安排预约。需要试试看吗？ | I23: 正确 | J23: 1 | K23: 0 | L23: 2 | O23: =IF(N23="正确",1,IF(N23="部分正确",0.5,IF(N23="错误",0,"")))
A24: QA-023 | B24: 第一次去医院就诊需要带什么？ | C24: 医院信息 | D24: 身份证；医保卡；就诊信息 | E24: 医院信息.md | F24: 900023 | G24: 您好！欢迎来到北京协和医院，我是您的智能客服“硅谷小智”😊。 第一次来院就诊，建议您携带以下材料，以便顺利挂号和就诊： 1. **有效身份证件**：如身份证、护照等（用于实名制挂号）； 2. **医保卡**（如有）：包括北京医保卡或异地医保备案凭证； 3. **既往病历资料**：如检查报告、化验单、影像片子（X光、CT、MRI等）、出院小结等； 4. **正在服用的药物清单**：有助于医生了解您的用药情况； 5. **联系方式准确的手机号**：用于接收预约、取号、检查结果等通知。 如果您已经在网上预约挂号，请记得在就诊当天**提前到院取号**（可通过自助机或窗口）。 如有其他问题，比如想预约挂号或查询科室信息，也欢迎随时告诉我！ | I24: 正确 | J24: 1 | K24: 2 | L24: 3 | M24: 身份证；医保卡 | O24: =IF(N24="正确",1,IF(N24="部分正确",0.5,IF(N24="错误",0,"")))
A25: QA-024 | B25: 医院有没有急诊？ | C25: 医院信息 | D25: 是否有急诊；位置或时间 | E25: 医院信息.md | F25: 900024 | G25: 有的，北京协和医院设有24小时急诊服务。🏥 如果您或他人出现急症、突发严重症状（如胸痛、呼吸困难、意识不清、大出血等），建议立即前往急诊科就诊，或拨打120寻求急救帮助。 如有其他就诊相关问题，也欢迎随时咨询我！ | I25: 正确 | J25: 1 | K25: 0 | L25: 2 | O25: =IF(N25="正确",1,IF(N25="部分正确",0.5,IF(N25="错误",0,"")))
A26: QA-025 | B26: 医院停车方便吗？ | C26: 医院信息 | D26: 停车场信息；停车说明 | E26: 医院信息.md | F26: 900025 | G26: 您好！我是“硅谷小智”，北京协和医院的智能客服 🌟 关于您的问题：协和医院地处北京市中心，周边交通较为繁忙，院内停车位有限，高峰时段（尤其是上午就诊高峰）停车可能比较紧张。建议您尽量选择公共交通前往。如确需驾车，可考虑周边公共停车场或合作停车点，部分院区也提供预约停车服务。 如果您需要了解具体院区（如东单院区、西单院区等）的停车详情，我可以进一步为您说明～ | I26: 正确 | J26: 1 | K26: 0 | L26: 2 | O26: =IF(N26="正确",1,IF(N26="部分正确",0.5,IF(N26="错误",0,"")))
A27: QA-026 | B27: 神经内科主要看哪些问题？ | C27: 科室信息 | D27: 头痛；头晕；脑血管疾病等 | E27: 神经内科.md | F27: 900026 | G27: 您好！我是“硅谷小智”，北京协和医院的智能客服，很高兴为您服务！😊 北京协和医院神经内科主要诊治以下几类疾病： - **脑血管病**：如脑梗死、脑出血、短暂性脑缺血发作（TIA）等； - **癫痫与发作性疾病**； - **帕金森病及其他运动障碍疾病**（如肌张力障碍、震颤等）； - **痴呆与认知功能障碍**（如阿尔茨海默病）； - **周围神经病与肌肉疾病**（如吉兰-巴雷综合征、重症肌无力等）； - **中枢神经系统感染与炎症**（如脑炎、多发性硬化等）； - **头痛与头晕**（包括偏头痛、紧张型头痛、眩晕等）； - **睡眠障碍与神经心理相关问题**。 如果您有上述相关症状，建议尽早就诊神经内科。部分疾病需结合影像学（如头颅MRI/CT）或电生理检查（如脑电图、肌电图）进一步明确诊断。 需要我帮您查询神经内科的号源或预约挂号吗？ | I27: 正确 | J27: 1 | K27: 2 | L27: 3 | M27: 头痛；头晕 | O27: =IF(N27="正确",1,IF(N27="部分正确",0.5,IF(N27="错误",0,"")))
A28: QA-027 | B28: 消化内科主要看什么病？ | C28: 科室信息 | D28: 胃痛；腹泻；消化系统疾病 | E28: 科室信息.md | F28: 900027 | G28: 消化内科主要诊治与消化系统相关的疾病，包括但不限于以下几类： - **食管疾病**：如胃食管反流病、食管炎、食管溃疡等 - **胃部疾病**：如胃炎、胃溃疡、功能性消化不良、幽门螺杆菌感染等 - **肠道疾病**：如肠易激综合征、炎症性肠病（克罗恩病、溃疡性结肠炎）、慢性腹泻或便秘等 - **肝胆胰疾病**：如脂肪肝、病毒性肝炎、肝硬化、胆囊炎、胆结石、胰腺炎等 - **其他**：不明原因的腹痛、腹胀、恶心、呕吐、黑便、消瘦等症状的排查 如果您有相关症状，建议尽早到消化内科就诊，必要时可能需要做胃镜、肠镜、腹部超声或血液检查等进一步评估。是否需要帮您预约挂号？😊 | I28: 正确 | J28: 1 | K28: 1 | L28: 3 | M28: 腹泻 | O28: =IF(N28="正确",1,IF(N28="部分正确",0.5,IF(N28="错误",0,"")))
A29: QA-028 | B29: 呼吸内科主要诊治哪些症状？ | C29: 科室信息 | D29: 咳嗽；气喘；肺部相关问题 | E29: 科室信息.md | F29: 900028 | G29: 呼吸内科主要诊治与呼吸系统相关的疾病和症状，常见的包括： - 咳嗽（急性或慢性） - 咳痰、咯血 - 呼吸困难、气短 - 胸痛（与呼吸相关） - 哮喘、慢性阻塞性肺疾病（COPD） - 肺炎、支气管炎、肺结核等感染性疾病 - 间质性肺病、肺栓塞 - 睡眠呼吸暂停综合征 - 肺部结节或肿瘤的初步评估 如果您有上述症状持续不缓解，建议尽早就诊呼吸内科，必要时进行胸部影像学（如胸片或CT）、肺功能等检查。需要我帮您预约呼吸内科的号源吗？🩺 | I29: 正确 | J29: 1 | K29: 1 | L29: 3 | M29: 咳嗽 | O29: =IF(N29="正确",1,IF(N29="部分正确",0.5,IF(N29="错误",0,"")))
A30: QA-029 | B30: 心内科主要看什么？ | C30: 科室信息 | D30: 胸闷；胸痛；心律失常等 | E30: 科室信息.md | F30: 900029 | G30: 心内科（心血管内科）主要诊治与心脏和血管相关的疾病，常见包括： - 高血压 - 冠心病（如心绞痛、心肌梗死） - 心律失常（心跳过快、过慢或不规则） - 心力衰竭 - 心肌炎、心包炎 - 心脏瓣膜病 - 血脂异常（高胆固醇等） - 动脉粥样硬化 如果您有胸闷、胸痛、心悸、气短、头晕等相关症状，建议及时到心内科就诊。是否需要我帮您查询心内科的号源或预约挂号？🫀 | I30: 正确 | J30: 1 | K30: 2 | L30: 3 | M30: 胸闷；胸痛 | O30: =IF(N30="正确",1,IF(N30="部分正确",0.5,IF(N30="错误",0,"")))
A31: QA-030 | B31: 骨科通常治疗哪些问题？ | C31: 科室信息 | D31: 骨折；关节痛；腰腿痛 | E31: 科室信息.md | F31: 900030 | G31: 骨科主要诊治与骨骼、关节、肌肉、韧带、肌腱、神经等相关的问题，常见的包括： - **骨折、脱位**：如手臂、腿、脊柱等部位的骨折或关节脱位 - **关节疾病**：如骨关节炎、类风湿性关节炎、肩周炎等 - **脊柱问题**：如颈椎病、腰椎间盘突出、脊柱侧弯等 - **运动损伤**：如韧带撕裂（如前交叉韧带）、半月板损伤、跟腱断裂等 - **骨质疏松**及其引发的疼痛或骨折 - **先天或后天畸形**：如扁平足、拇外翻、O型腿/X型腿等 - **骨肿瘤或软组织肿瘤**（部分需联合其他科室） 如果您有具体症状或不适，建议尽早就诊骨科进行专业评估。是否需要我帮您查询北京协和医院骨科的号源或预约挂号？🩺 | I31: 正确 | J31: 1 | K31: 1 | L31: 3 | M31: 骨折 | O31: =IF(N31="正确",1,IF(N31="部分正确",0.5,IF(N31="错误",0,"")))
A32: QA-031 | B32: 眼科主要处理哪些情况？ | C32: 科室信息 | D32: 视力下降；眼痛；眼部炎症 | E32: 科室信息.md | F32: 900031 | G32: 眼科主要负责诊断和治疗与眼睛及视觉系统相关的各类疾病和问题，常见包括： - **视力问题**：如近视、远视、散光、老花眼等 - **眼部炎症**：如结膜炎（红眼病）、角膜炎、睑缘炎等 - **眼底疾病**：如糖尿病视网膜病变、黄斑变性、视网膜脱落等 - **青光眼与白内障**：这两种是中老年人常见致盲性眼病 - **干眼症、视疲劳**：尤其在长时间使用电子屏幕人群中高发 - **斜视、弱视**：多见于儿童，需早期干预 - **眼外伤**：如异物入眼、化学灼伤、钝挫伤等 - **眼部肿瘤或先天异常**：较少见但需专业评估 如果您或家人出现视力下降、眼红、眼痛、流泪、视物变形等症状，建议尽早就诊眼科。需要我帮您预约眼科门诊吗？👀 | I32: 正确 | J32: 1 | K32: 3 | L32: 3 | M32: 视力下降；眼痛；眼部炎症 | O32: =IF(N32="正确",1,IF(N32="部分正确",0.5,IF(N32="错误",0,"")))
A33: QA-032 | B33: 耳鼻喉科看哪些病？ | C33: 科室信息 | D33: 耳鸣；鼻炎；咽喉不适 | E33: 科室信息.md | F33: 900032 | G33: 耳鼻喉科（也称“耳鼻咽喉头颈外科”）主要诊治以下几类疾病： 👂 **耳部疾病** - 中耳炎、外耳道炎 - 耳鸣、耳聋、听力下降 - 耳眩晕（如梅尼埃病） - 耳部异物、耳外伤 👃 **鼻部疾病** - 鼻炎（过敏性、慢性等） - 鼻窦炎、鼻息肉 - 鼻出血、鼻中隔偏曲 - 嗅觉障碍 🫁 **咽喉及头颈疾病** - 咽炎、扁桃体炎 - 声音嘶哑、声带息肉/结节 - 打鼾、睡眠呼吸暂停综合征 - 喉咙异物感、吞咽困难 - 甲状腺、颈部肿块等头颈部疾病 如果您有以上相关症状，建议及时就诊耳鼻喉科。需要我帮您查询号源或预约挂号吗？😊 | I33: 正确 | J33: 1 | K33: 2 | L33: 3 | M33: 耳鸣；鼻炎 | O33: =IF(N33="正确",1,IF(N33="部分正确",0.5,IF(N33="错误",0,"")))
A34: QA-033 | B34: 皮肤科主要看什么问题？ | C34: 科室信息 | D34: 过敏；湿疹；皮疹等 | E34: 科室信息.md | F34: 900033 | G34: 皮肤科主要诊治与皮肤、毛发、指甲及相关黏膜相关的各类疾病，常见的包括： - **皮肤炎症**：如湿疹、皮炎、接触性皮炎等 - **感染性疾病**：如真菌感染（脚气、体癣）、细菌感染（毛囊炎）、病毒感染（带状疱疹、疣）等 - **过敏性疾病**：如荨麻疹、药疹、过敏性皮炎等 - **痤疮与青春痘** - **色素性疾病**：如白癜风、黄褐斑、雀斑等 - **皮肤肿瘤**：良性（如痣、脂溢性角化）或可疑恶性病变（如黑色素瘤） - **脱发与头皮问题** - **甲病**：如灰指甲、甲沟炎等 如果您有具体症状，也可以告诉我，我可以帮您初步判断是否需要就诊皮肤科 😊。必要时建议尽早就医，由专业医生面诊评估。 | I34: 正确 | J34: 1 | K34: 2 | L34: 3 | M34: 过敏；湿疹 | O34: =IF(N34="正确",1,IF(N34="部分正确",0.5,IF(N34="错误",0,"")))
A35: QA-034 | B35: 儿科可以看哪些常见病？ | C35: 科室信息 | D35: 发热；咳嗽；腹泻等儿童常见病 | E35: 科室信息.md | F35: 900034 | G35: 您好！我是“硅谷小智”，北京协和医院的智能客服，很高兴为您服务。😊 儿科主要诊治0～18岁儿童的各类常见病和多发病，包括但不限于以下几类： - **呼吸系统疾病**：如感冒、咳嗽、支气管炎、肺炎、哮喘等 - **消化系统疾病**：如腹泻、呕吐、腹痛、便秘、消化不良等 - **感染性疾病**：如手足口病、水痘、麻疹、流感、疱疹性咽峡炎等 - **过敏性疾病**：如湿疹、荨麻疹、过敏性鼻炎等 - **生长发育问题**：如营养不良、肥胖、矮小症、性早熟等 - **其他常见问题**：发热、皮疹、睡眠障碍、喂养困难等 ⚠️ 温馨提示：如果孩子症状较重（如持续高热、呼吸困难、精神差、脱水等），建议尽快线下就诊，以免延误病情。 如果您需要为孩子预约儿科门诊，也可以告诉我具体需求，我可以帮您查询号源或安排挂号。 | I35: 正确 | J35: 1 | K35: 2 | L35: 3 | M35: 发热；咳嗽 | O35: =IF(N35="正确",1,IF(N35="部分正确",0.5,IF(N35="错误",0,"")))
A36: QA-035 | B36: 口腔科一般能处理哪些问题？ | C36: 科室信息 | D36: 牙痛；蛀牙；口腔检查 | E36: 口腔科.md | F36: 900035 | G36: 您好！我是硅谷小智，北京协和医院的智能客服😊 很高兴为您服务！ 口腔科主要处理以下常见问题： - **牙体牙髓疾病**：如龋齿（蛀牙）、牙痛、牙髓炎、根尖周炎等 - **牙周疾病**：如牙龈出血、牙周炎、牙龈萎缩等 - **口腔黏膜病**：如口腔溃疡、扁平苔藓、白斑等 - **牙齿拔除**：包括智齿、残根、松动牙等的拔牙手术 - **牙齿修复**：如补牙、嵌体、全冠、活动/固定假牙等 - **牙齿矫正**（部分医院由正畸专科负责） - **口腔颌面部小手术**：如囊肿切除、小肿物处理等 - **儿童口腔问题**：乳牙护理、窝沟封闭、早期矫治等 如果您有具体症状或不确定是否属于口腔科范畴，也可以告诉我，我会帮您初步判断是否需要就诊以及挂哪个细分方向的号哦！🦷 | I36: 正确 | J36: 1 | K36: 2 | L36: 3 | M36: 牙痛；蛀牙 | O36: =IF(N36="正确",1,IF(N36="部分正确",0.5,IF(N36="错误",0,"")))
A37: QA-036 | B37: 怎么预约挂号？ | C37: 流程咨询 | D37: 线上/线下预约方式；所需信息 | E37: 医院信息.md | F37: 900036 | G37: 您好！我是“硅谷小智”，北京协和医院的智能客服，很高兴为您服务！😊 预约挂号需要提供以下信息： 1. **您的姓名** 2. **身份证号** 3. **想挂的科室名称**（如：心血管内科、皮肤科等） 4. **就诊日期**（格式如：2026-03-15） 5. **时间段**（上午 或 下午） 6. **医生姓名**（可选，若未指定，我可以为您推荐） 请您先告诉我您想挂哪个科室？以及希望就诊的日期和时间段？我会帮您查询是否有号源，并一步步协助完成预约。 | I37: 正确 | J37: 1 | K37: 0 | L37: 2 | O37: =IF(N37="正确",1,IF(N37="部分正确",0.5,IF(N37="错误",0,"")))
A38: QA-037 | B38: 预约挂号需要提前多久？ | C38: 流程咨询 | D38: 预约时间要求；规则说明 | E38: 医院信息.md | F38: 900037 | G38: 您好！在北京协和医院，预约挂号一般可提前 **7天** 预约（不含当日）。也就是说，今天是2026年3月11日，您最早可以预约到 **2026年3月18日** 的号源。 ⏰ 放号时间通常为每日 **下午4点** 更新第7天的号源，建议您在放号后尽早操作，热门科室或专家号可能很快约满。 如果您已有明确的就诊需求（如科室、日期等），我可以帮您查询是否有号源或协助预约～ 😊 | I38: 正确 | J38: 1 | K38: 0 | L38: 2 | O38: =IF(N38="正确",1,IF(N38="部分正确",0.5,IF(N38="错误",0,"")))
A39: QA-038 | B39: 挂号后还能取消吗？ | C39: 流程咨询 | D39: 可以取消；取消规则 | E39: 医院信息.md | F39: 900038 | G39: 您好！挂号成功后是可以取消的，但需要在就诊日期之前操作。如果您是通过北京协和医院官方渠道（如App、官网或微信公众号）预约的号源，一般在就诊前一日24:00前可以免费取消；逾期未取消可能视为爽约，影响后续预约。 如您现在就需要取消某次预约，请提供以下信息，我可以帮您操作： - 姓名 - 身份证号 - 预约的科室 - 就诊日期（格式如：2026-03-15） - 就诊时间（上午 / 下午） - 医生姓名（如记得） 请放心，我会先核对预约记录，确认后再为您取消。😊 | I39: 正确 | J39: 1 | K39: 1 | L39: 2 | M39: 可以取消 | O39: =IF(N39="正确",1,IF(N39="部分正确",0.5,IF(N39="错误",0,"")))
A40: QA-039 | B40: 取消预约要怎么操作？ | C40: 流程咨询 | D40: 取消入口；取消方式 | E40: 医院信息.md | F40: 900039 | G40: 您好！我是“硅谷小智”，北京协和医院的智能客服，很高兴为您服务。😊 要取消预约挂号，请您提供以下信息，以便我们为您核实并操作： 1. **您的姓名** 2. **身份证号** 3. **原预约的科室名称** 4. **预约日期**（例如：2026-03-15） 5. **预约时段**（上午 / 下午） 6. **医生姓名**（如记得的话，可选） 请您先提供上述信息中的**姓名和身份证号**，我将帮您查询相关预约记录。 | I40: 正确 | J40: 1 | K40: 0 | L40: 2 | O40: =IF(N40="正确",1,IF(N40="部分正确",0.5,IF(N40="错误",0,"")))
A41: QA-040 | B41: 挂号需要提供哪些信息？ | C41: 流程咨询 | D41: 姓名；身份证；科室；时间等 | E41: 医院信息.md | F41: 900040 | G41: 您好！在“北京协和医院”进行预约挂号时，您需要提供以下**必要信息**： 1. **姓名**（真实姓名，与身份证一致） 2. **身份证号** 3. **就诊科室**（如：心血管内科、皮肤科等） 4. **就诊日期**（格式如：2026-03-15） 5. **就诊时段**（只能选择“上午”或“下午”） 此外，**医生姓名**是可选的。如果您没有指定医生，我可以根据您的需求推荐一位合适的医生。 准备好这些信息后，我可以帮您查询号源并完成预约。😊 请问您现在有明确的就诊需求吗？比如想挂哪个科室？ | I41: 正确 | J41: 1 | K41: 3 | L41: 4 | M41: 姓名；身份证；科室 | O41: =IF(N41="正确",1,IF(N41="部分正确",0.5,IF(N41="错误",0,"")))
A42: QA-041 | B42: 预约成功后怎么查看记录？ | C42: 流程咨询 | D42: 查看方式；查询入口 | E42: 医院信息.md | F42: 900041 | G42: 您好！我是“硅谷小智”，北京协和医院的智能客服，很高兴为您服务。😊 关于您的问题：**预约成功后如何查看挂号记录**？ 您可以通过以下几种方式查看预约记录： 1. **微信公众号** 关注“北京协和医院”官方微信公众号 → 点击底部菜单【就诊服务】→【我的预约】，即可查看所有预约记录。 2. **医院官方App** 下载“北京协和医院”App → 登录后进入【我的】→【挂号记录】或【预约记录】查看。 3. **官网查询** 访问北京协和医院官网（https://www.pumch.cn）→ 登录个人账户 → 在“患者服务”中查看预约信息。 4. **现场自助机** 就诊当天，您也可以携带身份证或医保卡，在门诊楼的自助挂号机上刷证查询预约详情。 如需取消或修改预约，也请通过上述渠道操作，或告诉我，我可以协助您取消（需提供预约信息）。 需要我帮您查某次具体的预约吗？ | I42: 正确 | J42: 1 | K42: 0 | L42: 2 | O42: =IF(N42="正确",1,IF(N42="部分正确",0.5,IF(N42="错误",0,"")))
A43: QA-042 | B43: 如果没有指定医生可以挂号吗？ | C43: 流程咨询 | D43: 可以按科室挂号；系统推荐医生 | E43: 医院信息.md | F43: 900042 | G43: 可以的！如果您没有指定具体的医生，我们可以根据您选择的科室、日期和时间段，为您推荐一位有号源的医生进行挂号。😊 不过为了顺利完成预约，还需要您提供以下信息： - 姓名 - 身份证号 - 科室名称 - 就诊日期（例如：2026-03-15） - 时间段（上午 或 下午） 如果您已经准备好这些信息，我可以帮您查询号源并安排挂号。需要现在试试吗？ | I43: 正确 | J43: 1 | K43: 0 | L43: 2 | O43: =IF(N43="正确",1,IF(N43="部分正确",0.5,IF(N43="错误",0,"")))
A44: QA-043 | B44: 预约挂号支持选择上午下午吗？ | C44: 流程咨询 | D44: 支持时间段选择；规则说明 | E44: 医院信息.md | F44: 900043 | G44: 您好！是的，北京协和医院的预约挂号支持选择“上午”或“下午”时间段。在预约时，您需要明确指定就诊日期和时间段（上午 / 下午），以便系统为您匹配合适的号源。 如果您已有具体科室、日期和时间偏好，我可以帮您查询是否有号源，或者协助完成预约。需要我帮您操作吗？😊 | I44: 正确 | J44: 1 | K44: 0 | L44: 2 | O44: =IF(N44="正确",1,IF(N44="部分正确",0.5,IF(N44="错误",0,"")))
A45: QA-044 | B45: 错过预约时间怎么办？ | C45: 流程咨询 | D45: 重新预约；咨询医院规则 | E45: 医院信息.md | F45: 900044 | G45: 您好！如果您错过了在北京协和医院的预约时间，通常该次预约会自动作废。不过别担心，您可以采取以下措施： 1. **重新预约**：登录协和医院官方App、微信小程序或官网，重新选择合适的时间进行挂号。 2. **当日是否还能就诊**：部分科室可能有临时加号或退号释放的资源，建议您尽快联系医院服务台（电话：010-69156114）或前往门诊咨询处询问。 3. **爽约影响**：请注意，多次无故爽约可能会影响您未来一段时间内的预约资格。 如需我帮您重新预约，请告诉我： - 您的姓名 - 身份证号 - 想挂的科室 - 希望就诊的日期和时间段（上午/下午） 我会尽力协助您安排新的号源 😊 | I45: 正确 | J45: 1 | K45: 1 | L45: 2 | M45: 重新预约 | O45: =IF(N45="正确",1,IF(N45="部分正确",0.5,IF(N45="错误",0,"")))
A46: QA-045 | B46: 预约后可以改时间吗？ | C46: 流程咨询 | D46: 是否支持改约；处理方式 | E46: 医院信息.md | F46: 900045 | G46: 您好！在“北京协和医院”预约挂号后，**不能直接修改就诊时间**。如果您需要更换时间，需要先**取消原预约**，再重新预约新的时间段。 需要注意的是： - 请至少在就诊前 **1天** 完成取消操作，以免影响信用记录； - 号源紧张的科室或专家号，重新预约时可能已无号，请提前规划。 如果您需要帮助取消当前预约或查询新时间段的号源，可以告诉我您的预约信息（姓名、身份证号、科室、原预约日期和时间），我会协助您处理。🕒 | I46: 正确 | J46: 1 | K46: 0 | L46: 2 | O46: =IF(N46="正确",1,IF(N46="部分正确",0.5,IF(N46="错误",0,"")))
A47: QA-046 | B47: 神经内科上午有门诊吗？ | C47: 门诊排班 | D47: 是否开诊；时间安排 | E47: 神经内科.md | F47: 900046 | G47: 您好！北京协和医院神经内科今天（2026年3月11日）上午有门诊号源，可以预约就诊。 如果您需要挂号，请提供以下信息，我将协助您完成预约： - 您的姓名 - 身份证号 - 是否有指定医生（如无，我可以为您推荐） 是否现在进行预约？😊 | I47: 正确 | J47: 1 | K47: 0 | L47: 2 | O47: =IF(N47="正确",1,IF(N47="部分正确",0.5,IF(N47="错误",0,"")))
A48: QA-047 | B48: 周五下午还有神经内科的门诊吗？ | C48: 门诊排班 | D48: 周五下午安排；是否开诊 | E48: 神经内科.md | F48: 900047 | G48: 您好！您想了解本周五（2026年3月14日）下午神经内科是否有门诊号源，我可以帮您查询。 好消息！本周五（2026年3月14日）下午，北京协和医院神经内科有门诊号源 ✅。 如果您需要预约挂号，请提供以下信息： - 您的姓名 - 身份证号 （如果您有指定医生也可以告诉我，如果没有，我可以为您推荐一位合适的医生。） | I48: 正确 | J48: 1 | K48: 0 | L48: 2 | O48: =IF(N48="正确",1,IF(N48="部分正确",0.5,IF(N48="错误",0,"")))
A49: QA-048 | B49: 王医生什么时候出诊？ | C49: 门诊排班 | D49: 出诊时间；所属科室 | E49: 神经内科.md | F49: 900048 | G49: 请问您指的是哪一科室的王医生呢？协和医院有多位姓“王”的医生，如果您能提供更具体的信息（例如科室或全名），我可以帮您查询出诊时间。😊 | I49: 正确 | J49: 1 | K49: 1 | L49: 2 | M49: 出诊时间 | O49: =IF(N49="正确",1,IF(N49="部分正确",0.5,IF(N49="错误",0,"")))
A50: QA-049 | B50: 专家号和普通号有什么区别？ | C50: 流程咨询 | D50: 号别区别；适用场景 | E50: 医院信息.md | F50: 900049 | G50: 您好！😊在协和医院，**专家号**和**普通号**主要有以下几点区别： ### 1. **医生资历不同** - **普通号**：由主治医师或高年资住院医师接诊，适合常见病、慢性病复诊或初步检查。 - **专家号**：由副主任医师、主任医师等高级职称专家接诊，临床经验更丰富，适合疑难杂症、复杂病情或需要权威诊断的情况。 ### 2. **挂号费用不同** - 专家号的挂号费通常高于普通号（例如：普通号约10–50元，专家号可能从100元到400元不等，具体依职称和科室而定）。 ### 3. **候诊时间** - 普通号患者较多，但号源相对充足； - 专家号号源紧张，可能需要提前预约，但每位患者就诊时间通常更充分。 ### 4. **适合人群** - 初次就诊、症状不明确或病情较轻者，可先挂**普通号**； - 病情复杂、久治不愈、需多学科会诊者，建议挂**专家号**。 如果您有具体症状或科室需求，我可以帮您判断更适合挂哪一类号，或者协助预约哦！🩺 | I50: 正确 | J50: 1 | K50: 0 | L50: 2 | O50: =IF(N50="正确",1,IF(N50="部分正确",0.5,IF(N50="错误",0,"")))
A51: QA-050 | B51: 预约时能自己选医生吗？ | C51: 流程咨询 | D51: 是否可选医生；规则说明 | E51: 医院信息.md | F51: 900050 | G51: 您好！在预约挂号时，**是可以自己选择医生的**。如果您已有明确想挂的医生姓名，可以直接提供；如果没有指定，我也可以根据您选择的科室和就诊时间，为您推荐一位有号源的医生供您参考。 是否现在就开始预约？如果需要，请告诉我以下信息： - 您的姓名 - 身份证号 - 想挂的科室 - 就诊日期（如：2026-03-15） - 上午 or 下午 - （可选）医生姓名 我会先帮您查询是否有号源，再进行预约 😊 | I51: 正确 | J51: 1 | K51: 0 | L51: 2 | O51: =IF(N51="正确",1,IF(N51="部分正确",0.5,IF(N51="错误",0,"")))
A52: QA-051 | B52: 医院支持医保吗？ | C52: 就诊政策 | D52: 是否支持医保；使用说明 | E52: 医院信息.md | F52: 900051 | G52: 您好！北京协和医院是支持医保的，包括北京市基本医疗保险（含职工医保、居民医保）以及全国异地就医直接结算。就诊时请务必携带您的医保卡或电子医保凭证，以便在挂号、缴费等环节正常使用。 如果您有具体的就诊或报销问题，也可以告诉我，我会尽力为您解答！😊 | I52: 正确 | J52: 1 | K52: 0 | L52: 2 | O52: =IF(N52="正确",1,IF(N52="部分正确",0.5,IF(N52="错误",0,"")))
A53: QA-052 | B53: 就诊时需要带医保卡吗？ | C53: 就诊政策 | D53: 医保卡；身份证；就诊凭证 | E53: 医院信息.md | F53: 900052 | G53: 您好！就诊时**建议携带医保卡**，原因如下： - 如果您有北京医保（或其他已开通异地就医的医保），在挂号或缴费时出示医保卡可以**直接医保结算**，节省费用； - 即使是自费患者，部分检查、药品或后续报销也可能需要医保卡信息； - 若未带医保卡，可能需先全额自费支付，之后再回医保部门手工报销，流程较繁琐。 所以为了方便和节省费用，**请务必带上实体医保卡或确保已激活电子医保凭证**（如通过“国家医保服务平台”App 或 支付宝/微信中的医保电子凭证）。 如有其他就诊流程问题，也欢迎随时问我！😊 | I53: 正确 | J53: 1 | K53: 1 | L53: 3 | M53: 医保卡 | O53: =IF(N53="正确",1,IF(N53="部分正确",0.5,IF(N53="错误",0,"")))
A54: QA-053 | B54: 没有医保可以挂号吗？ | C54: 就诊政策 | D54: 可以；按自费流程处理 | E54: 医院信息.md | F54: 900053 | G54: 您好！没有医保也是可以挂号的，北京协和医院支持自费患者就诊。您只需携带有效身份证件（如身份证）即可正常预约和挂号。 不过需要注意的是，自费患者的挂号费用需全额支付，且部分检查或药品可能无法享受医保报销。如果您后续办理了医保，也可以在就诊时咨询收费窗口是否可补录医保信息（视政策而定）。 需要我帮您预约挂号吗？😊 | I54: 正确 | J54: 1 | K54: 1 | L54: 2 | M54: 可以 | O54: =IF(N54="正确",1,IF(N54="部分正确",0.5,IF(N54="错误",0,"")))
A55: QA-054 | B55: 儿童挂号需要什么证件？ | C55: 就诊政策 | D55: 儿童身份信息；监护人信息 | E55: 医院信息.md | F55: 900054 | G55: 您好！为儿童在北京协和医院挂号时，通常需要以下证件： 1. **患儿本人的身份证**（如有）； - 如果尚未办理身份证，可使用**户口本**或**出生医学证明**； 2. **监护人（陪同家长）的有效身份证件**（如身份证）； 3. 首次就诊建议携带**医保卡**（如有）或办理院内就诊卡。 📌 温馨提示：线上预约时，需填写患儿的真实姓名和身份证号（或户口本上的身份信息）。如无身份证号，部分系统可能允许使用监护人信息代注册，但现场就诊时仍需核对患儿身份。 如有其他问题，欢迎继续咨询！😊 | I55: 正确 | J55: 1 | K55: 1 | L55: 2 | M55: 监护人信息 | O55: =IF(N55="正确",1,IF(N55="部分正确",0.5,IF(N55="错误",0,"")))
A56: QA-055 | B56: 帮家人预约挂号需要准备什么？ | C56: 就诊政策 | D56: 家人身份信息；预约资料 | E56: 医院信息.md | F56: 900055 | G56: 您好！我是“硅谷小智”，北京协和医院的智能客服，很高兴为您服务 😊 帮家人预约挂号时，您需要提前准备好以下信息： 1. **家人的姓名**（与身份证一致） 2. **家人的身份证号** 3. **想挂的科室名称**（例如：心血管内科、皮肤科等） 4. **就诊日期**（格式如：2026-03-15） 5. **就诊时段**（上午 或 下午） 6. **医生姓名**（可选，若不确定，我可以为您推荐） 只要信息齐全，我就可以帮您查询号源并完成预约。如果您已经准备好了这些信息，也可以直接告诉我，我会一步步协助您完成挂号 💡 需要现在就开始预约吗？ | I56: 正确 | J56: 1 | K56: 0 | L56: 2 | O56: =IF(N56="正确",1,IF(N56="部分正确",0.5,IF(N56="错误",0,"")))
A57: QA-056 | B57: 医院支持退号吗？ | C57: 就诊政策 | D57: 支持与否；退号规则 | E57: 医院信息.md | F57: 900056 | G57: 您好！我是“硅谷小智”，北京协和医院的智能客服，很高兴为您服务。😊 关于您的问题：**北京协和医院是支持退号（取消预约）的**。 如果您通过官方渠道（如医院App、官网、微信公众号等）进行了预约挂号，在就诊前一般都可以申请取消预约。建议您： - **至少提前1天取消**，以免影响信用记录； - 当日号源通常不可退，请以具体提示为准； - 取消后，挂号费一般会在几个工作日内原路退回。 如果您需要我帮您**查询或取消某次具体的预约**，请提供以下信息： - 姓名 - 身份证号 - 预约科室 - 就诊日期和时间段（上午/下午） - 医生姓名（如有） 我可以协助您操作取消预约。是否需要现在处理？ | I57: 正确 | J57: 1 | K57: 0 | L57: 2 | O57: =IF(N57="正确",1,IF(N57="部分正确",0.5,IF(N57="错误",0,"")))
A58: QA-057 | B58: 退号会不会收手续费？ | C58: 就诊政策 | D58: 是否收费；收费规则 | E58: 医院信息.md | F58: 900057 | G58: 您好！在北京协和医院，如果您需要取消（退号）已预约的挂号，在就诊日前一天24点前取消一般**不收取手续费**；若在就诊当日取消，则可能视为爽约，部分情况会影响后续预约权限，但通常也不会直接收取费用。 建议您如需取消预约，请尽早操作。如有具体预约信息，我也可以帮您查询或协助取消。 | I58: 正确 | J58: 1 | K58: 0 | L58: 2 | O58: =IF(N58="正确",1,IF(N58="部分正确",0.5,IF(N58="错误",0,"")))
A59: QA-058 | B59: 医院可以现场挂号吗？ | C59: 就诊政策 | D59: 是否支持现场挂号；排队方式 | E59: 医院信息.md | F59: 900058 | G59: 您好！我是“硅谷小智”，北京协和医院的智能客服，很高兴为您服务 😊 关于您的问题：北京协和医院**部分科室支持现场挂号**，但号源非常有限，且通常需要**早起排队**。为了节省您的时间并确保顺利就诊，**强烈建议您提前通过官方渠道（如114平台、协和医院App或微信公众号）进行预约挂号**。 如果您已有明确的就诊科室和时间，我也可以帮您查询是否有号源或协助预约。需要试试看吗？ | I59: 正确 | J59: 1 | K59: 0 | L59: 2 | O59: =IF(N59="正确",1,IF(N59="部分正确",0.5,IF(N59="错误",0,"")))
A60: QA-059 | B60: 线上预约和现场挂号有什么区别？ | C60: 流程咨询 | D60: 预约方式差异；效率区别 | E60: 医院信息.md | F60: 900059 | G60: 您好！线上预约和现场挂号主要有以下几点区别： 1. **排队时间** - **线上预约**：可提前在手机或电脑上选择具体日期、时间段和医生，到院后按预约时间就诊，大幅减少现场等待时间。 - **现场挂号**：需当天到医院排队，热门科室可能号源紧张，甚至挂不上号。 2. **号源情况** - 部分专家号源**仅开放线上预约**，现场不放号。 - 线上通常提前1~7天放号（协和多数科室为提前7天晚8点放号）。 3. **便利性** - 线上可随时查看医生出诊信息、剩余号源，并支持取消或改约（需在规定时间内）。 - 现场挂号受医院开窗时间和人流影响，灵活性较低。 4. **适合人群** - 初诊、复诊、慢性病随访等**非紧急情况**，推荐线上预约。 - 急诊或突发症状建议直接前往急诊科，不适用于预约流程。 如果您需要帮您预约挂号，我可以协助查询号源并完成预约哦！😊 | I60: 正确 | J60: 1 | K60: 0 | L60: 2 | O60: =IF(N60="正确",1,IF(N60="部分正确",0.5,IF(N60="错误",0,"")))
A61: QA-060 | B61: 预约挂号成功后需要提前多久到医院？ | C61: 流程咨询 | D61: 建议到院时间；签到要求 | E61: 医院信息.md | F61: 900060 | G61: 您好！预约挂号成功后，建议您 **提前30分钟** 到达医院，以便完成以下事项： - 取号（如未在手机端完成电子取号） - 缴费（如需预缴挂号费） - 完成必要的分诊或签到流程 - 避免因排队或找科室耽误就诊时间 部分科室（如特需门诊、国际医疗部）可能有不同要求，具体以挂号成功后的提示为准。如有其他就诊流程问题，也欢迎随时问我！😊 | I61: 正确 | J61: 1 | K61: 0 | L61: 2 | O61: =IF(N61="正确",1,IF(N61="部分正确",0.5,IF(N61="错误",0,"")))
A62: QA-061 | B62: 头痛伴恶心应该优先挂什么科？ | C62: 症状咨询 | D62: 神经内科；必要时急诊 | E62: 神经内科.md | F62: 900061 | G62: 您好！头痛伴恶心可能涉及多种病因，建议您优先考虑以下科室： - **神经内科**：如果头痛为首次发作、持续加重、伴有视力模糊、肢体麻木、意识改变等症状，可能与偏头痛、紧张性头痛、颅内病变等相关，应首选神经内科。 - **急诊科**：如果头痛突然剧烈发作（如“雷击样”头痛）、伴有高热、呕吐、颈强直或意识障碍，需警惕脑出血、脑膜炎等急症，请立即前往急诊科就诊。 - **耳鼻喉科或眼科**：若头痛与鼻塞、流脓涕相关，可能是鼻窦炎；若与眼压升高、视力下降有关，可能为青光眼等，也可相应就诊。 ⚠️ 如果症状严重或持续不缓解，建议尽快线下就医，必要时完善头颅CT/MRI等检查。 需要我帮您预约挂号吗？ | I62: 正确 | J62: 1 | K62: 1 | L62: 2 | M62: 神经内科 | O62: =IF(N62="正确",1,IF(N62="部分正确",0.5,IF(N62="错误",0,"")))
A63: QA-062 | B63: 长期胃胀胃痛应该看哪个科？ | C63: 症状咨询 | D63: 消化内科 | E63: 科室信息.md | F63: 900062 | G63: 您好！长期胃胀、胃痛通常建议就诊 **消化内科**。这类症状可能与胃炎、胃溃疡、功能性消化不良、幽门螺杆菌感染或其他消化系统疾病有关。 💡 建议您： - 尽早就医，避免自行用药掩盖病情； - 就诊前注意饮食清淡，避免刺激性食物； - 如有体重下降、黑便、呕吐等症状，请务必及时告知医生。 需要我帮您查询北京协和医院消化内科的号源或预约挂号吗？ | I63: 正确 | J63: 1 | K63: 1 | L63: 1 | M63: 消化内科 | O63: =IF(N63="正确",1,IF(N63="部分正确",0.5,IF(N63="错误",0,"")))
A64: QA-063 | B64: 持续咳嗽两周应该挂什么科？ | C64: 症状咨询 | D64: 呼吸内科 | E64: 科室信息.md | F64: 900063 | G64: 持续咳嗽超过两周，建议您首先挂 **呼吸内科**。 长期咳嗽可能与以下情况有关： - 慢性支气管炎 - 哮喘 - 肺部感染（如肺炎、肺结核） - 胃食管反流 - 过敏或其他免疫相关疾病 如果伴有以下症状，请尽快就医： ⚠️ 发热、咳血、胸痛、呼吸困难、体重明显下降等。 协和医院的呼吸内科可以进行肺功能检查、胸部影像学（如X光或CT）等进一步评估。需要我帮您查询近期号源或预约挂号吗？ | I64: 正确 | J64: 1 | K64: 1 | L64: 1 | M64: 呼吸内科 | O64: =IF(N64="正确",1,IF(N64="部分正确",0.5,IF(N64="错误",0,"")))
A65: QA-064 | B65: 心慌胸闷一般建议看什么科？ | C65: 症状咨询 | D65: 心内科 | E65: 科室信息.md | F65: 900064 | G65: 心慌、胸闷等症状通常建议首先就诊 **心血管内科（心内科）**，因为这些症状可能与心脏相关的问题有关，比如心律失常、心肌缺血、高血压等。 但也有一些其他可能性，例如： - 如果伴有明显焦虑、紧张、失眠等情况，也可能涉及 **心理科或神经内科**； - 若有呼吸困难、咳嗽等表现，还需考虑 **呼吸内科**。 📌 **建议**：如果症状持续、频繁发作或加重，尤其是伴随胸痛、出汗、晕厥等情况，请尽快到医院心内科就诊，必要时做心电图、心脏超声等检查。 需要我帮您预约心内科的号源吗？ | I65: 正确 | J65: 1 | K65: 1 | L65: 1 | M65: 心内科 | O65: =IF(N65="正确",1,IF(N65="部分正确",0.5,IF(N65="错误",0,"")))
A66: QA-065 | B66: 皮肤起红疹应该看哪个科？ | C66: 症状咨询 | D66: 皮肤科 | E66: 科室信息.md | F66: 900065 | G66: 皮肤起红疹建议您挂 **皮肤科**（也称“ dermatology ”）就诊。 红疹可能由多种原因引起，比如过敏、感染、自身免疫反应或其他系统性疾病的表现。皮肤科医生会根据皮疹的形态、分布、伴随症状（如瘙痒、疼痛、发热等）进行判断，必要时可能会安排皮肤镜检查、过敏原检测或血液检查等。 如果红疹伴有以下情况，建议尽快就医： - 快速扩散或加重 - 伴随高热、呼吸困难、面部肿胀等全身症状 - 出现水疱、溃烂或剧烈疼痛 需要我帮您查询北京协和医院皮肤科的号源或预约挂号吗？😊 | I66: 正确 | J66: 1 | K66: 1 | L66: 1 | M66: 皮肤科 | O66: =IF(N66="正确",1,IF(N66="部分正确",0.5,IF(N66="错误",0,"")))
A67: QA-066 | B67: 眼睛发红流泪应该挂什么科？ | C67: 症状咨询 | D67: 眼科 | E67: 科室信息.md | F67: 900066 | G67: 您好！眼睛发红、流泪通常属于眼科的诊疗范围，建议您挂 **眼科**。 这种情况可能由多种原因引起，比如： - 结膜炎（红眼病） - 干眼症 - 过敏反应 - 异物刺激 - 角膜炎等 如果伴有明显疼痛、视力下降、畏光或分泌物增多，建议尽快就医。协和医院眼科可以提供专业检查和治疗。 需要我帮您查询近期眼科是否有号源，或协助预约挂号吗？👀 | I67: 正确 | J67: 1 | K67: 1 | L67: 1 | M67: 眼科 | O67: =IF(N67="正确",1,IF(N67="部分正确",0.5,IF(N67="错误",0,"")))
A68: QA-067 | B68: 鼻塞流涕挂什么科？ | C68: 症状咨询 | D68: 耳鼻喉科 | E68: 科室信息.md | F68: 900067 | G68: 您好！鼻塞、流涕通常是耳鼻喉科（也称“耳鼻咽喉科”）的常见症状，建议您挂 **耳鼻喉科**。 如果还伴有发热、咳嗽等全身症状，也可以考虑先看 **呼吸内科** 或 **发热门诊**（尤其在流感高发季节）。 需要我帮您预约耳鼻喉科的号吗？😊 | I68: 正确 | J68: 1 | K68: 1 | L68: 1 | M68: 耳鼻喉科 | O68: =IF(N68="正确",1,IF(N68="部分正确",0.5,IF(N68="错误",0,"")))
A69: QA-068 | B69: 关节疼痛应该看哪个科？ | C69: 症状咨询 | D69: 骨科或风湿相关科室 | E69: 科室信息.md | F69: 900068 | G69: 关节疼痛通常建议首先就诊 **风湿免疫科** 或 **骨科**，具体可根据症状特点选择： - 如果关节疼痛伴有 **红肿、晨僵、多关节对称性疼痛**，或怀疑有 **类风湿关节炎、系统性红斑狼疮** 等自身免疫性疾病，建议挂 **风湿免疫科**。 - 如果是 **外伤后疼痛、关节活动受限、关节变形或退行性改变（如骨关节炎）**，建议挂 **骨科**。 如果您不确定，也可以先到医院的 **分诊台** 或通过协和医院官方App进行智能分诊。需要我帮您预约挂号吗？ | I69: 正确 | J69: 1 | K69: 0 | L69: 1 | O69: =IF(N69="正确",1,IF(N69="部分正确",0.5,IF(N69="错误",0,"")))
A70: QA-069 | B70: 孩子腹泻应该挂哪个科？ | C70: 症状咨询 | D70: 儿科 | E70: 科室信息.md | F70: 900069 | G70: 孩子腹泻建议挂 **儿科** 或 **小儿消化科**（如果医院设有细分专科）。 在北京协和医院，您可以选择： - **儿科普通门诊**：适用于大多数儿童常见病，包括急性腹泻； - 如腹泻持续时间较长、伴有发热、血便、严重脱水等情况，医生可能会进一步安排检查或转诊至相关专科。 💡温馨提示： 如果孩子精神状态差、尿量明显减少、口唇干燥等，可能存在脱水风险，请尽快线下就诊。 需要我帮您查询儿科近期是否有号源，或者协助预约挂号吗？ | I70: 正确 | J70: 1 | K70: 1 | L70: 1 | M70: 儿科 | O70: =IF(N70="正确",1,IF(N70="部分正确",0.5,IF(N70="错误",0,"")))
A71: QA-070 | B71: 牙龈肿痛应该挂什么科？ | C71: 症状咨询 | D71: 口腔科 | E71: 口腔科.md | F71: 900070 | G71: 您好！牙龈肿痛通常建议挂 **口腔科**，具体可选择 **口腔内科** 或 **牙周病专科**（如有细分）。 这类症状可能由以下原因引起： - 牙龈炎或牙周炎 - 智齿冠周炎 - 龋齿继发感染 - 口腔卫生不良等 💡建议您尽早就诊，医生会通过临床检查（必要时拍片）明确病因，并给予相应治疗（如洁治、消炎或拔牙等）。 如需我帮您预约北京协和医院口腔科的号源，请告诉我您的姓名、身份证号、希望就诊的日期和时间段（上午/下午），我会为您查询并协助挂号。 | I71: 正确 | J71: 1 | K71: 1 | L71: 1 | M71: 口腔科 | O71: =IF(N71="正确",1,IF(N71="部分正确",0.5,IF(N71="错误",0,"")))
A72: QA-071 | B72: 知识库里有医院科室分布信息吗？ | C72: 知识库检索 | D72: 有无相关文档；可查询科室分布 | E72: 医院信息.md | F72: 900071 | G72: 您好！目前知识库中包含部分科室信息，例如： **其他科室**： - 妇产科 - 眼科 - 耳鼻喉科 - 口腔科 - 超声医学科 - 病理科 - 检验科 - 放射科 - 放射治疗科 - 核医学科 - 输血科 - 药剂科 - 病案科 - 国际医疗部 - 健康医学部（体检中心） - 临床药理研究中心 如果您需要了解具体某科室的位置、出诊时间或挂号方式，欢迎告诉我，我会尽力为您查询或提供指引！😊 | I72: 正确 | J72: 1 | K72: 0 | L72: 2 | O72: =IF(N72="正确",1,IF(N72="部分正确",0.5,IF(N72="错误",0,"")))
A73: QA-072 | B73: 知识库里能查到神经内科介绍吗？ | C73: 知识库检索 | D73: 可以；神经内科职责与诊疗范围 | E73: 神经内科.md | F73: 900072 | G73: 当然可以！以下是北京协和医院神经内科的详细介绍： 🧠 **神经内科简介** 北京协和医院神经内科是国内最早成立的神经病学专科之一，具有悠久的历史和雄厚的临床、科研及教学实力。科室在神经系统常见病、疑难病和罕见病的诊治方面处于国内领先、国际先进水平。 📍 **诊疗范围包括但不限于**： - 脑血管病（如脑梗死、脑出血） - 癫痫与发作性疾病 - 神经变性疾病（如帕金森病、阿尔茨海默病） - 多发性硬化与脱髓鞘疾病 - 周围神经病与肌病 - 头痛与眩晕 - 神经遗传与罕见病 👩‍⚕️ **专家团队** 科室拥有多位国家级知名专家和教授，长期致力于神经系统疾病的精准诊断与个体化治疗，并设有多个专病门诊（如帕金森病门诊、癫痫门诊、头痛门诊等）。 🕒 **就诊提示** 建议首次就诊患者携带既往检查资料（如头颅MRI/CT、脑电图、肌电图等），以便医生更高效地评估病情。 如果您需要预约神经内科门诊或了解号源情况，也可以告诉我具体日期和时间段，我可以帮您查询是否有可挂号源。 | I73: 正确 | J73: 1 | K73: 1 | L73: 2 | M73: 可以 | O73: =IF(N73="正确",1,IF(N73="部分正确",0.5,IF(N73="错误",0,"")))
A74: QA-073 | B74: 医院信息文档里有门诊时间吗？ | C74: 知识库检索 | D74: 有；包含门诊时间 | E74: 医院信息.md | F74: 900073 | G74: 您好！我是“硅谷小智”，北京协和医院的智能客服。😊 关于您询问的门诊时间，北京协和医院的常规门诊时间如下： - **上午门诊**：08:00 – 12:00 - **下午门诊**：13:30 – 17:00 > ⏰ 温馨提示： > - 各科室具体出诊时间可能略有不同，建议以挂号系统或官网公布的当日号源为准。 > - 节假日及周末部分科室可能停诊或仅开放特需/国际医疗部，请提前查询。 如果您需要查询某个科室在特定日期是否有号源，我可以帮您实时查看。需要吗？ | I74: 正确 | J74: 1 | K74: 1 | L74: 2 | M74: 有 | O74: =IF(N74="正确",1,IF(N74="部分正确",0.5,IF(N74="错误",0,"")))
A75: QA-074 | B75: 知识库支持查询挂号流程吗？ | C75: 知识库检索 | D75: 支持；挂号须知相关内容 | E75: 医院信息.md | F75: 900074 | G75: 您好！我是“硅谷小智”，北京协和医院的智能客服。😊 关于挂号流程，我可以为您提供清晰的指引。北京协和医院目前支持以下几种挂号方式： 1. **线上预约**（推荐）： - 通过“北京协和医院”官方App、微信小程序或114平台提前预约。 - 可预约未来7天内的号源（含当日）。 - 需实名认证（姓名+身份证号）。 2. **现场挂号**： - 门诊大厅自助机或人工窗口挂号（号源有限，建议早到）。 - 仅开放当日号源，部分热门科室可能很快挂满。 3. **特需/国际医疗部**： - 号源相对宽松，费用较高，可通过App或电话预约。 就诊当天请携带： - 身份证原件 - 医保卡（如使用医保） - 预约成功短信或二维码 如果您需要我帮您**查询具体科室的号源**或**进行预约挂号**，也可以直接告诉我您的需求哦！ 请问您想了解哪一类挂号流程？或者需要我协助预约吗？ | I75: 正确 | J75: 1 | K75: 1 | L75: 2 | M75: 支持 | O75: =IF(N75="正确",1,IF(N75="部分正确",0.5,IF(N75="错误",0,"")))
A76: QA-075 | B76: 可以从知识库里查到医生信息吗？ | C76: 知识库检索 | D76: 若有医生排班文档则可查询 | E76: 神经内科.md | F76: 900075 | I76: 请求失败 | J76: 0 | K76: 0 | L76: 0 | O76: =IF(N76="正确",1,IF(N76="部分正确",0.5,IF(N76="错误",0,""))) | P76: The remote server returned an error: (500) Internal Server Error. | Q76: 接口调用失败
A77: QA-076 | B77: 系统能回答医院地址和电话吗？ | C77: 知识库检索 | D77: 可以；基于医院信息文档 | E77: 医院信息.md | F77: 900076 | G77: 当然可以！😊 **北京协和医院**有两个院区，信息如下： --- 🏥 **东单院区** - 地址：北京市东城区帅府园一号（邮编：100730） - 服务热线：010-69151188 🏥 **西单院区** - 地址：北京市西城区大木仓胡同41号（邮编：100032） - 服务热线：010-69158100 🕒 **门诊时间**：工作日 8:00–17:30 🚑 **急诊**：24小时开放 如需挂号、就诊流程或其他医疗协助，也欢迎随时告诉我！ | I77: 正确 | J77: 1 | K77: 1 | L77: 2 | M77: 可以 | O77: =IF(N77="正确",1,IF(N77="部分正确",0.5,IF(N77="错误",0,"")))
A78: QA-077 | B78: 医院知识库里有没有周末门诊安排？ | C78: 知识库检索 | D78: 是否包含；周末安排信息 | E78: 医院信息.md | F78: 900077 | G78: 您好！北京协和医院部分科室在周末是开设门诊的，但并非所有科室都提供周末服务，且出诊安排可能因节假日或医生排班有所调整。 一般来说： - **普通内科、外科、妇科、儿科等热门科室**，通常在周六上午有门诊； - **专科或专家门诊**多数集中在工作日； - **急诊科**全年24小时开放； - 周日门诊相对较少，部分科室可能仅开放半天或停诊。 建议您告诉我具体想挂哪个**科室**或**医生**，我可以帮您查询该科室在**本周末（2026年3月14日–15日）** 是否有号源。😊 | I78: 错误 | J78: 0 | K78: 0 | L78: 2 | O78: =IF(N78="正确",1,IF(N78="部分正确",0.5,IF(N78="错误",0,"")))
A79: QA-078 | B79: 知识库里能查到取消预约规则吗？ | C79: 知识库检索 | D79: 可以；医院信息或流程文档相关规则 | E79: 医院信息.md | F79: 900078 | G79: 您好！关于取消预约的规则，我可以为您说明： 在北京协和医院，**预约成功后如需取消**，请您务必**至少提前一天**通过官方渠道（如医院App、微信公众号或本智能客服）办理取消手续。当日预约不可取消。 此外，为保障医疗资源合理使用，若您**一个月内累计爽约（未就诊且未取消）达2次**，将被暂停预约资格1个月。 如果您需要我现在帮您取消某条具体预约，请提供以下信息： - 姓名 - 身份证号 - 预约的科室 - 预约日期（格式如：2026-03-12） - 预约时段（上午/下午） - 医生姓名（如有） 我会先核对预约记录，再为您操作取消。 | I79: 正确 | J79: 1 | K79: 1 | L79: 2 | M79: 可以 | O79: =IF(N79="正确",1,IF(N79="部分正确",0.5,IF(N79="错误",0,"")))
A80: QA-079 | B80: 如果没指定医生系统会怎么处理？ | C80: 流程咨询 | D80: 按科室挂号或推荐医生 | E80: 医院信息.md | F80: 900079 | G80: 如果您在预约挂号时没有指定具体的医生，系统会根据您选择的**科室**和**就诊时间**，从该科室当天有号源的医生中，**自动为您推荐一位合适的医生**（通常是职称较高或号源较充裕的医生）。 当然，在最终确认预约前，我会把**推荐的医生姓名**以及其他预约信息（如科室、日期、时间段等）清楚地展示给您，**需要您确认无误后才会完成挂号**，不会擅自为您下单。 如有特别需求（比如希望挂专家号、主任医师，或避开某位医生），也可以提前告诉我，我会尽量满足您的要求 😊 | I80: 正确 | J80: 1 | K80: 0 | L80: 1 | O80: =IF(N80="正确",1,IF(N80="部分正确",0.5,IF(N80="错误",0,"")))
A81: QA-080 | B81: 知识库里有没有科室对应症状说明？ | C81: 知识库检索 | D81: 有；科室信息和适应症 | E81: 科室信息.md | F81: 900080 | G81: 您好！我是“硅谷小智”，北京协和医院的智能客服，很高兴为您服务。😊 关于您的问题：目前我们的知识库中**没有直接提供“科室-症状”的详细对应说明表**。不过，我可以根据您描述的症状，帮您初步判断可能涉及的科室，并指导您如何挂号或进一步就诊。 如果您有具体不适或症状，欢迎告诉我，我会尽力给出实用建议！ | I81: 正确 | J81: 1 | K81: 1 | L81: 2 | M81: 有 | O81: =IF(N81="正确",1,IF(N81="部分正确",0.5,IF(N81="错误",0,"")))
A82: QA-081 | B82: 神经内科适合看偏头痛吗？ | C82: 科室匹配 | D82: 适合；属于神经内科常见问题 | E82: 神经内科.md | F82: 900081 | G82: 是的，偏头痛属于神经内科的诊疗范畴，非常适合到神经内科就诊。🧠 北京协和医院神经内科在神经系统疾病（包括偏头痛、紧张性头痛等原发性头痛）方面具有丰富的临床经验和专业团队。如果您经常出现头痛、偏头痛发作频繁或症状加重，建议尽早就诊神经内科，以便明确诊断并制定个体化治疗方案。 需要我帮您预约神经内科的号源吗？ | I82: 正确 | J82: 1 | K82: 1 | L82: 2 | M82: 适合 | O82: =IF(N82="正确",1,IF(N82="部分正确",0.5,IF(N82="错误",0,"")))
A83: QA-082 | B83: 呼吸内科能看长期咳嗽吗？ | C83: 科室匹配 | D83: 可以；呼吸系统相关症状 | E83: 科室信息.md | F83: 900082 | G83: 您好！我是“硅谷小智”，北京协和医院的智能客服，很高兴为您服务。😊 关于您的问题：**呼吸内科正是专门诊治与呼吸道相关疾病的科室，长期咳嗽属于其常见诊疗范围**。可能的原因包括： - 慢性支气管炎 - 哮喘或咳嗽变异性哮喘 - 上气道咳嗽综合征（如鼻后滴漏） - 胃食管反流 - 感染后咳嗽 - 甚至某些少见肺部疾病 📌 **建议**：如果咳嗽持续超过2~3周，尤其是伴有以下情况，请尽快到呼吸内科就诊： - 夜间加重 - 有痰、咯血、胸痛、发热或体重下降 - 吸烟史或接触粉尘/过敏原 是否需要我帮您预约呼吸内科的号源？只需提供姓名、身份证号和希望就诊的时间即可。 | I83: 正确 | J83: 1 | K83: 0 | L83: 2 | O83: =IF(N83="正确",1,IF(N83="部分正确",0.5,IF(N83="错误",0,"")))
A84: QA-083 | B84: 消化内科适合看反酸吗？ | C84: 科室匹配 | D84: 可以；消化系统症状 | E84: 科室信息.md | F84: 900083 | G84: 是的，反酸（胃酸反流）属于消化系统相关症状，**消化内科**正是负责这类问题的科室。常见的相关疾病包括： - 胃食管反流病（GERD） - 慢性胃炎 - 胃溃疡或十二指肠溃疡 - 功能性消化不良 如果您经常出现反酸、烧心、嗳气、胸骨后不适等症状，建议尽早就诊消化内科，医生可能会根据情况安排胃镜、幽门螺杆菌检测等检查。 需要我帮您预约消化内科的号源吗？😊 | I84: 正确 | J84: 1 | K84: 0 | L84: 2 | O84: =IF(N84="正确",1,IF(N84="部分正确",0.5,IF(N84="错误",0,"")))
A85: QA-084 | B85: 耳鼻喉科能看咽喉疼痛吗？ | C85: 科室匹配 | D85: 可以；咽喉不适属耳鼻喉科 | E85: 科室信息.md | F85: 900084 | G85: 当然可以！👂👃throat 耳鼻喉科（也称“头颈外科”）正是专门诊治咽喉疼痛、声音嘶哑、扁桃体炎、咽炎、喉炎等相关问题的科室。 如果您有以下症状，建议尽快就诊耳鼻喉科： - 持续性咽喉痛（超过2–3天未缓解） - 吞咽困难或疼痛加重 - 伴有发热、声音嘶哑、颈部淋巴结肿大 - 咽部异物感或出血 需要我帮您查询耳鼻喉科近期是否有号源，或者协助预约挂号吗？😊 | I85: 正确 | J85: 1 | K85: 1 | L85: 2 | M85: 可以 | O85: =IF(N85="正确",1,IF(N85="部分正确",0.5,IF(N85="错误",0,"")))
A86: QA-085 | B86: 眼科能处理视力下降问题吗？ | C86: 科室匹配 | D86: 可以；视力相关问题 | E86: 科室信息.md | F86: 900085 | G86: 您好！我是“硅谷小智”，北京协和医院的智能客服 👋 眼科**完全可以处理视力下降的问题**。视力下降可能由多种原因引起，比如： - 近视、远视、散光等屈光不正 - 白内障、青光眼、黄斑变性等眼病 - 糖尿病或高血压引起的视网膜病变 - 视疲劳或干眼症等暂时性因素 建议您尽快到**眼科门诊**就诊，医生可能会安排视力检查、验光、眼底照相等进一步评估。如果近期视力突然明显下降，或伴有眼痛、视野缺损等症状，请**尽早就医**，以免延误治疗。 需要我帮您预约眼科号源吗？ | I86: 正确 | J86: 1 | K86: 1 | L86: 2 | M86: 可以 | O86: =IF(N86="正确",1,IF(N86="部分正确",0.5,IF(N86="错误",0,"")))
A87: QA-086 | B87: 骨科适合看扭伤吗？ | C87: 科室匹配 | D87: 可以；骨关节及外伤问题 | E87: 科室信息.md | F87: 900086 | G87: 是的，**骨科非常适合看扭伤**！🩺 扭伤通常涉及韧带、关节或软组织损伤，比如常见的踝关节扭伤、手腕扭伤等，这些都属于骨科的诊疗范围。医生可能会通过查体、X光或核磁共振（MRI）等方式判断是否有韧带撕裂、骨折或其他结构性损伤。 💡**建议**： - 如果扭伤后出现明显肿胀、剧烈疼痛、无法承重或关节变形，请尽快到医院骨科就诊。 - 急性期（24–48小时内）可先遵循 **RICE原则**：Rest（休息）、Ice（冰敷）、Compression（加压包扎）、Elevation（抬高患肢）。 如需在**北京协和医院**挂骨科号，我可以帮您查询号源或预约挂号。需要吗？😊 | I87: 正确 | J87: 1 | K87: 1 | L87: 2 | M87: 可以 | O87: =IF(N87="正确",1,IF(N87="部分正确",0.5,IF(N87="错误",0,"")))
A88: QA-087 | B88: 皮肤科能看湿疹吗？ | C88: 科室匹配 | D88: 可以；常见皮肤病 | E88: 科室信息.md | F88: 900087 | G88: 当然可以！😊 皮肤科正是诊治湿疹的专业科室。湿疹是一种常见的过敏性皮肤病，皮肤科医生会根据您的具体症状（如皮疹形态、瘙痒程度、病程等）进行诊断，并制定相应的治疗方案，比如外用药物、口服抗过敏药或生活护理建议等。 如果症状持续不缓解、反复发作或伴有明显渗出、感染等情况，建议尽早就诊。需要我帮您预约皮肤科的号源吗？ | I88: 正确 | J88: 1 | K88: 1 | L88: 2 | M88: 可以 | O88: =IF(N88="正确",1,IF(N88="部分正确",0.5,IF(N88="错误",0,"")))
A89: QA-088 | B89: 儿科可以看孩子咳嗽发烧吗？ | C89: 科室匹配 | D89: 可以；儿童常见病 | E89: 科室信息.md | F89: 900088 | G89: 当然可以！👨‍⚕️ 北京协和医院的儿科专门诊治儿童常见病，包括咳嗽、发烧、感冒、支气管炎、肺炎等呼吸道感染问题。 如果孩子出现以下情况，建议尽快就诊： - 发热超过38.5℃持续不退 - 咳嗽剧烈或伴有喘息、呼吸急促 - 精神差、食欲明显下降 - 发热超过3天无好转 您可以提前预约儿科门诊，避免现场长时间等待。需要我帮您查询近期儿科是否有号源，或协助预约挂号吗？😊 | I89: 正确 | J89: 1 | K89: 2 | L89: 2 | M89: 可以；儿童常见病 | O89: =IF(N89="正确",1,IF(N89="部分正确",0.5,IF(N89="错误",0,"")))
A90: QA-089 | B90: 口腔科适合看蛀牙吗？ | C90: 科室匹配 | D90: 可以；牙齿问题 | E90: 口腔科.md | F90: 900089 | G90: 是的，蛀牙属于口腔科的诊疗范围。🦷 如果您有牙齿疼痛、敏感、黑点或龋洞等症状，建议尽快到口腔科就诊，医生会根据情况安排补牙、根管治疗或其他处理。 需要我帮您预约北京协和医院口腔科的号源吗？ | I90: 正确 | J90: 1 | K90: 0 | L90: 2 | O90: =IF(N90="正确",1,IF(N90="部分正确",0.5,IF(N90="错误",0,"")))
A91: QA-090 | B91: 心内科主要看心悸胸痛吗？ | C91: 科室匹配 | D91: 是；心血管相关症状 | E91: 科室信息.md | F91: 900090 | G91: 是的，心内科（心血管内科）主要诊治与心脏和血管相关的疾病，**心悸、胸痛**正是其常见就诊症状之一。具体包括但不限于： - 心悸（心跳过快、过慢或不规则） - 胸痛（尤其是怀疑心绞痛、心肌缺血等） - 高血压 - 冠心病 - 心律失常 - 心力衰竭 - 心肌炎、心包炎等 ⚠️ **温馨提示**： 如果您的胸痛剧烈、持续不缓解，或伴有出汗、呼吸困难、晕厥等症状，请**立即前往急诊科就诊**，这可能是急性心肌梗死等危急情况。 如需在**北京协和医院**心内科就诊，我可以帮您查询号源或预约挂号。是否需要？ | I91: 正确 | J91: 1 | K91: 1 | L91: 2 | M91: 是 | O91: =IF(N91="正确",1,IF(N91="部分正确",0.5,IF(N91="错误",0,"")))
A92: QA-091 | B92: 去医院看病前需要先预约吗？ | C92: 流程咨询 | D92: 是否必须预约；可预约或现场挂号 | E92: 医院信息.md | F92: 900091 | G92: 您好！我是“硅谷小智”，北京协和医院的智能客服。😊 目前，北京协和医院**绝大多数门诊科室实行预约挂号制**，建议您**提前预约**后再来院就诊，这样可以： - 避免现场长时间排队 - 确保能看上目标科室或专家的号 - 合理安排您的就诊时间 您可以通过以下方式预约： - 北京协和医院官方App - 114挂号平台 - 医院官网 - 或通过我这里协助您完成预约（需提供必要信息） 如果您已经有明确想挂的科室、日期和时间，我可以帮您查询号源或直接预约哦！ 需要我帮您操作吗？ | I92: 正确 | J92: 1 | K92: 0 | L92: 2 | O92: =IF(N92="正确",1,IF(N92="部分正确",0.5,IF(N92="错误",0,"")))
A93: QA-092 | B93: 预约时可以只选科室不选医生吗？ | C93: 流程咨询 | D93: 可以；按科室预约 | E93: 医院信息.md | F93: 900092 | G93: 您好！在预约挂号时，**可以只选择科室而不指定具体医生**。如果您没有特别倾向的医生，系统会根据您选择的科室、日期和时间段，为您推荐一位有号源的医生进行预约。 不过为了确保顺利挂号，仍需提供以下必要信息： - 您的姓名 - 身份证号 - 科室名称 - 就诊日期（如：2026-03-15） - 就诊时间（上午 / 下午） 如果您已有这些信息，我可以帮您查询号源并完成预约 😊 | I93: 正确 | J93: 1 | K93: 1 | L93: 2 | M93: 可以 | O93: =IF(N93="正确",1,IF(N93="部分正确",0.5,IF(N93="错误",0,"")))
A94: QA-093 | B94: 预约成功后还需要签到吗？ | C94: 流程咨询 | D94: 是否需要签到；到院流程 | E94: 医院信息.md | F94: 900093 | G94: 您好！在**北京协和医院**，预约成功后通常**需要在就诊当天进行签到**，具体如下： - **门诊签到时间**：一般要求在预约时段前**30分钟内**完成签到； - **签到方式**：可通过医院自助机、官方App（如“北京协和医院”App）或人工窗口签到； - **未按时签到**：若错过签到时间，号源可能会被释放，影响正常就诊。 建议您提前规划好时间，确保顺利就诊。如有其他问题，欢迎随时咨询！😊 | I94: 正确 | J94: 1 | K94: 0 | L94: 2 | O94: =IF(N94="正确",1,IF(N94="部分正确",0.5,IF(N94="错误",0,"")))
A95: QA-094 | B95: 看诊当天迟到了怎么办？ | C95: 流程咨询 | D95: 咨询医院；可能需重新安排 | E95: 医院信息.md | F95: 900094 | G95: 您好！如果您在看诊当天迟到了，建议您尽快前往北京协和医院的相应科室分诊台说明情况。是否还能就诊，主要取决于以下几点： - **迟到时间长短**：如果只是稍晚（如10–15分钟内），部分医生可能会酌情安排； - **当日号源情况**：若医生号源已满，可能需要重新预约； - **是否已过叫号截止时间**：有些科室会在上午11:00或下午4:00后停止签到，错过则视为爽约。 📌 **温馨提醒**： - 协和医院一般要求患者在预约时段前30分钟完成签到； - 若确定无法按时就诊，建议尽早取消预约（可通过官方App或电话），以免影响后续挂号资格。 如有其他就诊流程问题，欢迎继续咨询！😊 | I95: 正确 | J95: 1 | K95: 0 | L95: 2 | O95: =IF(N95="正确",1,IF(N95="部分正确",0.5,IF(N95="错误",0,"")))
A96: QA-095 | B96: 挂号后没去看诊会有什么影响？ | C96: 流程咨询 | D96: 爽约规则；是否影响后续预约 | E96: 医院信息.md | F96: 900095 | G96: 您好！如果您在挂号后未按时就诊（俗称“爽约”），可能会有以下几方面的影响： 1. **影响个人信用记录**：北京协和医院等大型三甲医院已接入医疗信用系统，多次无故爽约会可能被记录在案，影响今后的预约优先级或限制预约权限。 2. **浪费医疗资源**：号源有限，尤其是专家号，爽约会占用其他患者宝贵的就诊机会。 3. **可能产生费用**：部分医院对未取消且未就诊的预约收取“违约金”或“挂号费不退”，具体以医院政策为准。 4. **影响后续挂号**：有些医院规定，若爽约次数过多，短期内将无法通过线上渠道预约挂号。 💡 **建议**：如确实无法按时就诊，请尽早通过原预约渠道（如医院App、官网、电话等）取消预约，一般在就诊前1天或当天早上截止前可免费取消。 如有其他关于就诊流程的问题，也欢迎随时咨询我～ 😊 | I96: 正确 | J96: 1 | K96: 0 | L96: 2 | O96: =IF(N96="正确",1,IF(N96="部分正确",0.5,IF(N96="错误",0,"")))
A97: QA-096 | B97: 如果不清楚挂哪个科可以怎么咨询？ | C97: 流程咨询 | D97: 咨询导诊；按症状推荐科室 | E97: 科室信息.md | F97: 900096 | G97: 您好！如果您不确定该挂哪个科室，可以告诉我您的主要症状或不适部位（比如“头痛三天”、“胃痛伴有恶心”、“皮肤起疹子”等），我会根据您的描述，帮您初步判断可能涉及的科室，并提供就诊建议。🩺 协和医院也设有**综合咨询台**（门诊大厅一层）和**智能分诊系统**（可通过医院官网或公众号使用），能进一步协助分诊。 需要我帮您初步分析一下吗？😊 | I97: 正确 | J97: 1 | K97: 0 | L97: 2 | O97: =IF(N97="正确",1,IF(N97="部分正确",0.5,IF(N97="错误",0,"")))
A98: QA-097 | B98: 系统能根据症状推荐科室吗？ | C98: 能力说明 | D98: 可以；基于知识库和规则推荐 | E98: 科室信息.md | F98: 900097 | G98: 您好！我是“硅谷小智”，北京协和医院的智能客服。😊 我可以根据您描述的症状，帮您初步推荐合适的就诊科室，但请注意：**这不能替代医生的专业诊断**。如果症状明显或持续，请务必尽快线下就医。 请告诉我您的主要症状（例如：头痛、腹痛、皮肤红疹等）、持续时间，以及是否伴有其他不适（如发烧、乏力等），我会尽力为您推荐合适的科室。 | I98: 正确 | J98: 1 | K98: 1 | L98: 2 | M98: 可以 | O98: =IF(N98="正确",1,IF(N98="部分正确",0.5,IF(N98="错误",0,"")))
A99: QA-098 | B99: 系统能回答医院基础信息吗？ | C99: 能力说明 | D99: 可以；地址时间电话等 | E99: 医院信息.md | F99: 900098 | G99: 您好！我是“硅谷小智”，北京协和医院的智能客服。😊 我可以为您解答医院的就诊流程、科室信息、挂号预约等就医相关问题，也可以提供一些基础医疗建议。 关于医院的基础信息（如地址、联系方式、门诊时间等），我也可以为您简要介绍。请问您具体想了解哪方面的内容呢？ | I99: 正确 | J99: 1 | K99: 1 | L99: 2 | M99: 可以 | O99: =IF(N99="正确",1,IF(N99="部分正确",0.5,IF(N99="错误",0,"")))
A100: QA-099 | B100: 系统能处理预约挂号相关问题吗？ | C100: 能力说明 | D100: 可以；预约取消查询等 | E100: 医院信息.md | F100: 900099 | G100: 您好！我是“硅谷小智”，北京协和医院的智能客服 🌟 我可以协助您完成**预约挂号、查询号源、取消预约**等操作，也会提供相关的就诊流程指导。 只要您告诉我： - 姓名 - 身份证号 - 想挂的科室 - 就诊日期（如：2026-03-15） - 上午/下午 - （可选）医生姓名 我就能帮您查询是否有号源，并完成预约。需要现在试试吗？😊 | I100: 正确 | J100: 1 | K100: 1 | L100: 2 | M100: 可以 | O100: =IF(N100="正确",1,IF(N100="部分正确",0.5,IF(N100="错误",0,"")))
...
